backend,distance,physical_error_rate,logical_error_rate
stim_rotated,7,0.0005,0.0
stim_rotated,7,0.001,2e-05
stim_rotated,7,0.0015,2e-05
stim_rotated,7,0.002,4e-05
stim_rotated,7,0.0025,0.0004
stim_rotated,7,0.003,0.00054
stim_rotated,7,0.0035,0.0011
stim_rotated,7,0.004,0.00172
stim_rotated,7,0.0045,0.0028
stim_rotated,7,0.005,0.00462
checkerboard,7,0.0005,0.00726
checkerboard,7,0.001,0.0137
checkerboard,7,0.0015,0.01962
checkerboard,7,0.002,0.0258
checkerboard,7,0.0025,0.03364
checkerboard,7,0.003,0.03902
checkerboard,7,0.0035,0.04536
checkerboard,7,0.004,0.05198
checkerboard,7,0.0045,0.05894
checkerboard,7,0.005,0.06714
